word,count
elective,853
research,418
law,383
study,359
topics,280
design,279
management,263
project,263
advanced,233
international,228
engineering,209
cs,196
nrsg,196
directed,184
experience,180
lab,178
systems,176
health,172
eece,167
seminar,164
math,163
data,161
chem,155
science,149
development,147
cive,143
special,134
analysis,131
caep,130
edu,129
global,129
business,127
phys,126
practice,126
social,126
policy,124
pt,124
communication,116
fina,115
hist,114
engl,113
learning,109
methods,109
biol,108
co,108
op,108
econ,106
dissertation,103
foundations,103
pols,103
capstone,102
theory,102
me,101
phmd,101
practicum,101
comm,99
information,99
chme,98
psyc,97
public,96
abrd,94
applied,94
human,94
crim,93
envr,93
thesis,93
history,92
musc,91
writing,91
work,90
senior,89
phsc,84
principles,83
phil,82
ppua,82
digital,81
technology,81
itc,80
ie,79
socl,79
healthcare,78
arch,77
financial,77
inam,77
leadership,77
bioe,76
artg,75
eemb,74
honors,74
computer,73
education,73
analytics,72
media,72
phth,72
lw,71
music,71
continuation,70
time,70
clinical,69
fundamentals,69
junior,69
studies,68
thtr,68
abroad,67
jrnl,67
justice,65
psychology,65
american,63
game,63
slpa,63
culture,62
term,62
half,61
pjm,61
acct,60
experiential,60
security,60
busn,59
edut,59
environmental,59
issues,59
applications,57
legal,57
professional,57
mktg,56
behavior,55
internship,55
s,54
chemistry,53
ethics,53
info,53
ldr,53
sciences,53
dgm,52
gender,52
mscr,52
making,51
politics,51
biot,50
language,50
biology,48
economics,48
finance,48
hlth,48
innovation,48
intl,48
rga,48
afcs,47
recitation,47
technologies,47
chemical,46
world,46
managing,45
planning,45
care,44
cy,44
inno,44
urban,44
aly,43
insh,43
pharmacy,43
wmns,43
cmn,42
integrated,42
physics,42
society,42
decision,41
intelligence,41
nursing,41
race,41
ai,39
change,39
gst,39
hinf,39
modeling,39
networks,39
doctoral,38
intermediate,38
mism,38
statistics,38
studio,38
community,37
creative,37
csye,37
hsci,37
machine,37
phd,37
anth,36
art,36
ds,36
entr,36
marketing,36
musi,36
architecture,35
gsnd,34
medical,34
pa,34
programming,34
abrc,33
assessment,33
dgtr,33
materials,33
organizational,33
product,33
risk,33
spns,33
strategic,33
teaching,33
artd,32
ced,32
husv,32
network,32
process,32
skills,32
strategy,32
candidacy,31
drug,31
ling,31
modern,31
northeastern,31
performance,31
software,31
based,30
bio,30
film,30
ge,30
industry,30
intb,30
pharmaceutical,30
aai,29
adult,29
arts,29
contemporary,29
laboratory,29
lwp,29
reporting,29
strategies,29
sustainable,29
achieved,28
control,28
inpr,28
medicine,28
mgmt,28
rights,28
schm,28
cultural,27
elementary,27
life,27
psy,27
regulation,27
sustainability,27
tools,27
artificial,26
computational,26
concepts,26
damg,26
hrm,26
interdisciplinary,26
master,26
ntr,26
philosophy,26
professionals,26
artf,25
critical,25
economic,25
energy,25
eng,25
engineers,25
inmi,25
msci,25
processing,25
system,25
arth,24
biotechnology,24
cnet,24
context,24
eet,24
environment,24
instruction,24
ls,24
mechanics,24
nets,24
physical,24
physiology,24
speech,24
tele,24
binf,23
field,23
leading,23
organizations,23
projects,23
quality,23
accounting,22
counseling,22
crime,22
emerging,22
engagement,22
frnh,22
operations,22
preparation,22
regulatory,22
relations,22
administration,21
arte,21
bioengineering,21
challenge,21
chinese,21
chns,21
ecology,21
hmg,21
literature,21
political,21
processes,21
production,21
sociology,21
visualization,21
btc,20
chm,20
cities,20
climate,20
criminal,20
dynamics,20
enterprise,20
evidence,20
fin,20
jpns,20
mathematics,20
molecular,20
must,20
npm,20
nutrition,20
program,20
sports,20
acc,19
application,19
behavioral,19
chain,19
civil,19
comprehensive,19
computing,19
corporate,19
early,19
economy,19
engw,19
ensy,19
governance,19
informatics,19
inquiry,19
lpsc,19
new,19
pharmacology,19
power,19
practices,19
property,19
quantitative,19
readings,19
sia,19
statistical,19
storytelling,19
supply,19
techniques,19
theatre,19
abrb,18
building,18
century,18
complex,18
compliance,18
crwt,18
database,18
disease,18
entrepreneurship,18
ethical,18
exsc,18
family,18
first,18
food,18
get,18
gis,18
intellectual,18
larc,18
met,18
mgt,18
mth,18
probability,18
safety,18
visual,18
women,18
biological,17
cet,17
designing,17
device,17
eeba,17
exam,17
ins,17
intensive,17
itln,17
religion,17
services,17
spanish,17
suen,17
through,17
web,17
arab,16
army,16
asns,16
black,16
calculus,16
cloud,16
eai,16
emgt,16
equity,16
implementation,16
interaction,16
intp,16
markets,16
mathematical,16
mechanical,16
patient,16
sex,16
sexuality,16
u,16
african,15
amsl,15
anatomy,15
asian,15
avm,15
cell,15
child,15
cltr,15
curriculum,15
diversity,15
evaluation,15
experimental,15
french,15
general,15
japanese,15
latin,15
matl,15
models,15
nonprofit,15
organic,15
phy,15
real,15
technical,15
therapy,15
aace,14
abrl,14
advocacy,14
algebra,14
america,14
bioinformatics,14
comparative,14
creation,14
disorders,14
east,14
eesc,14
exre,14
geometry,14
government,14
graduate,14
higher,14
hls,14
hrmg,14
insc,14
integration,14
interactive,14
intervention,14
landscape,14
lst,14
manufacturing,14
marine,14
mining,14
mobile,14
nnmd,14
perspectives,14
port,14
pst,14
quantum,14
reasoning,14
single,14
soc,14
transformation,14
united,14
war,14
workshop,14
anesthesia,13
apl,13
aspects,13
communications,13
content,13
current,13
cybersecurity,13
dads,13
driven,13
electrical,13
games,13
grmn,13
honr,13
humanities,13
industrial,13
infrastructure,13
literatures,13
meie,13
mgsc,13
neuroscience,13
optimization,13
personal,13
states,13
subject,13
value,13
acute,12
adolescent,12
affairs,12
architectural,12
big,12
biomedical,12
college,12
criminology,12
engr,12
fashion,12
growth,12
immersion,12
impact,12
insurance,12
int,12
italian,12
knowledge,12
linear,12
nurse,12
older,12
pathology,12
pop,12
portfolio,12
problems,12
promotion,12
pth,12
resources,12
rssn,12
scientific,12
sound,12
strt,12
understanding,12
user,12
wireless,12
africa,11
animation,11
approaches,11
bioc,11
bnsc,11
children,11
conflict,11
construction,11
customer,11
deaf,11
eeam,11
engaging,11
estate,11
europe,11
hst,11
hsv,11
introductory,11
journalism,11
jwss,11
middle,11
mkt,11
organization,11
phl,11
privacy,11
professions,11
qualitative,11
rehabilitation,11
sbsy,11
school,11
span,11
structural,11
telr,11
thermodynamics,11
transportation,11
year,11
across,10
algorithms,10
anthropology,10
asl,10
basics,10
biochemistry,10
crisis,10
delivery,10
econometrics,10
english,10
fluid,10
income,10
linguistics,10
literacy,10
mental,10
movement,10
negotiation,10
numerical,10
problem,10
regional,10
robotics,10
service,10
smt,10
solving,10
structures,10
student,10
taxation,10
tcc,10
transactions,10
video,10
violence,10
21st,9
action,9
agile,9
alternative,9
biostatistics,9
boston,9
china,9
city,9
clinic,9
conservation,9
consumer,9
crte,9
cultures,9
dialogue,9
discovery,9
educational,9
encp,9
enlr,9
ethnicity,9
exercise,9
exploring,9
gerontology,9
group,9
hbrw,9
hsc,9
identity,9
image,9
immigration,9
inclusion,9
kore,9
market,9
measurement,9
natural,9
neonatal,9
networking,9
partners,9
pbr,9
pediatric,9
pol,9
popular,9
population,9
prel,9
proseminar,9
resilience,9
spatial,9
specialized,9
structure,9
tax,9
thought,9
transport,9
workplace,9
analyzing,8
asia,8
automation,8
beyond,8
career,8
case,8
civilizations,8
cognition,8
collaboration,8
composition,8
computation,8
consulting,8
developing,8
devices,8
diagnostic,8
differential,8
drawing,8
educ,8
eesh,8
electronics,8
epidemiology,8
experiences,8
extended,8
fiction,8
fieldwork,8
fintech,8
foreign,8
generative,8
genomics,8
globalization,8
graphic,8
historical,8
imaging,8
individual,8
inequality,8
interpreting,8
investment,8
lacs,8
macroeconomic,8
mixed,8
model,8
multiple,8
musical,8
news,8
orgb,8
pdm,8
portuguese,8
proposal,8
rising,8
russian,8
sales,8
south,8
spain,8
subjects,8
teams,8
therapeutics,8
use,8
your,8
acting,7
adults,7
blockchain,7
capital,7
challenges,7
communities,7
contract,7
cop,7
da,7
deep,7
discrete,7
drugs,7
dynamic,7
ecological,7
emergency,7
england,7
ensemble,7
entrepreneurial,7
equations,7
esc,7
exed,7
fsem,7
german,7
graphics,7
hebrew,7
high,7
interest,7
interventions,7
investments,7
labor,7
logic,7
logistics,7
mus,7
musculoskeletal,7
narrative,7
open,7
perception,7
phdl,7
platform,7
practical,7
pro,7
prototyping,7
reproductive,7
responsibility,7
rfa,7
schools,7
securities,7
sensing,7
sexual,7
signal,7
simulation,7
state,7
storage,7
survey,7
synthesis,7
testing,7
texts,7
thermal,7
thinking,7
treatment,7
using,7
xr,7
academic,6
adaptation,6
administrative,6
advertising,6
afrs,6
age,6
ant,6
auditing,6
bioethics,6
brand,6
canada,6
childhood,6
circuits,6
coastal,6
cost,6
course,6
courts,6
creating,6
disruption,6
distributed,6
ecn,6
editing,6
electronic,6
employee,6
employment,6
environments,6
envs,6
ethnography,6
feminist,6
form,6
foundation,6
fund,6
holocaust,6
illness,6
industries,6
interpersonal,6
investing,6
lang,6
literary,6
managerial,6
managers,6
microbiology,6
microeconomic,6
microeconomics,6
moral,6
motor,6
nanomedicine,6
neurobiology,6
overview,6
pedagogical,6
people,6
photography,6
poetry,6
primary,6
psychiatric,6
psychological,6
python,6
realities,6
regulations,6
reinforcement,6
residency,6
resilient,6
resource,6
rms,6
rpt,6
screen,6
smart,6
success,6
support,6
television,6
theories,6
up,6
warehousing,6
wellness,6
workforce,6
writers,6
acquisition,5
acquisitions,5
affective,5
air,5
algebraic,5
amendment,5
analytical,5
arabic,5
assurance,5
banking,5
benefits,5
biomechanics,5
cannabis,5
caribbean,5
cjs,5
class,5
classroom,5
cmg,5
cognitive,5
collaborative,5
colloquium,5
commerce,5
commercialization,5
concept,5
conceptual,5
constitutional,5
coop,5
cross,5
cryptography,5
derivatives,5
developmental,5
dnp,5
documentary,5
dynamical,5
earth,5
effective,5
essentials,5
ethnic,5
evolutionary,5
fda,5
forecasting,5
full,5
fundamental,5
future,5
gene,5
geospatial,5
grant,5
hearing,5
homeland,5
how,5
humanitarian,5
inclusive,5
inference,5
intercultural,5
internet,5
ireland,5
israel,5
jazz,5
jewish,5
judaism,5
kinetics,5
languages,5
large,5
local,5
macroeconomics,5
magnetic,5
mapping,5
mass,5
matter,5
medicinal,5
methodology,5
multiliteracies,5
netherlands,5
neural,5
nonfiction,5
object,5
origins,5
personality,5
perspective,5
pmcl,5
predictive,5
procedure,5
products,5
profession,5
programs,5
protection,5
queer,5
records,5
reflection,5
remote,5
renaissance,5
representation,5
resistance,5
responsible,5
restorative,5
review,5
rhetoric,5
rock,5
selected,5
sensation,5
sport,5
suburbs,5
supervision,5
team,5
text,5
theoretical,5
therapies,5
topology,5
training,5
typography,5
undergraduate,5
virtual,5
western,5
youth,5
abuse,4
accelerated,4
activism,4
advances,4
aging,4
analysts,4
ancient,4
animal,4
arcgis,4
argentina,4
audio,4
awareness,4
bible,4
bioengineers,4
biomaterials,4
brain,4
camera,4
character,4
chile,4
circuit,4
classical,4
coding,4
combustion,4
complexity,4
contracts,4
costa,4
critically,4
critique,4
cycle,4
democracy,4
disability,4
dissemination,4
diverse,4
doctrine,4
eastern,4
electromagnetic,4
embedded,4
empirical,4
empowerment,4
enabling,4
era,4
european,4
evaluating,4
everyday,4
examination,4
fabrication,4
families,4
federal,4
financing,4
fixed,4
france,4
functional,4
genetics,4
genocide,4
genres,4
geographic,4
geriatric,4
germany,4
ghana,4
graph,4
greece,4
hardware,4
heat,4
ill,4
immigrant,4
influence,4
institutions,4
integrative,4
interface,4
internal,4
italy,4
japan,4
land,4
latinx,4
lean,4
matm,4
medieval,4
memory,4
methodologies,4
mexico,4
online,4
operating,4
opportunities,4
optics,4
oriented,4
parallel,4
past,4
pattern,4
peace,4
pediatrics,4
performing,4
placement,4
pmst,4
pollution,4
presentation,4
prevention,4
protein,4
psychopharmacology,4
publishing,4
reality,4
republic,4
rica,4
role,4
rural,4
scholarly,4
securing,4
since,4
site,4
speaking,4
stage,4
stochastic,4
systematic,4
talent,4
terrorism,4
therapeutic,4
uncertainty,4
union,4
values,4
venture,4
ventures,4
vision,4
voice,4
water,4
well,4
18th,3
20th,3
3d,3
activity,3
adaptive,3
afro,3
agriculture,3
aided,3
algorithmic,3
ambulatory,3
americas,3
analyze,3
antidiscrimination,3
approach,3
atmospheric,3
audiology,3
autonomous,3
bases,3
basic,3
basis,3
battlefields,3
bedrooms,3
behaviors,3
being,3
binary,3
biogeochemistry,3
biopharmaceuticals,3
brazil,3
bridging,3
buildings,3
c,3
capitalism,3
carbon,3
cardiopulmonary,3
careers,3
causal,3
cellular,3
centered,3
changing,3
coaching,3
code,3
cold,3
color,3
competing,3
competition,3
compounds,3
concert,3
concrete,3
consultation,3
contexts,3
copyright,3
corporations,3
costume,3
counterterrorism,3
covering,3
credit,3
criticism,3
databases,3
death,3
debates,3
decline,3
degree,3
demonstrating,3
diagnosis,3
diplomacy,3
domestic,3
drafting,3
e,3
ecologies,3
economists,3
effects,3
elements,3
emotional,3
employer,3
engine,3
entertainment,3
entities,3
estimation,3
ethnographic,3
evolution,3
experimentation,3
exploration,3
expression,3
factors,3
fiscal,3
flow,3
fluids,3
forensic,3
free,3
frontiers,3
functions,3
generation,3
genome,3
hip,3
housing,3
identification,3
identifying,3
immersive,3
immunology,3
incarceration,3
independent,3
infant,3
infants,3
innovations,3
instructional,3
intelligent,3
interactions,3
islam,3
jews,3
job,3
kenya,3
key,3
korean,3
lawyering,3
leader,3
leaders,3
lessons,3
litigation,3
living,3
llm,3
love,3
majors,3
material,3
measure,3
measuring,3
mecn,3
mergers,3
metabolism,3
metaverse,3
method,3
mind,3
mindfulness,3
mindset,3
misinformation,3
mobility,3
motivation,3
multidisciplinary,3
museum,3
nature,3
navigation,3
needs,3
np,3
number,3
obligations,3
observational,3
ocean,3
officer,3
other,3
outcomes,3
part,3
particle,3
pathophysiology,3
persuasion,3
pharmaceutics,3
pharmacokinetics,3
phenomena,3
phonetics,3
photochemistry,3
place,3
plant,3
platforms,3
post,3
postcolonial,3
precalculus,3
present,3
private,3
probabilistic,3
procurement,3
profit,3
promoting,3
properties,3
psychopathology,3
radio,3
reading,3
recognition,3
recording,3
reflections,3
relationships,3
religions,3
renewable,3
report,3
resonance,3
retrieval,3
revolution,3
robotic,3
rotation,3
scheduling,3
scope,3
screenwriting,3
sea,3
sector,3
secured,3
self,3
selling,3
settings,3
sexualities,3
singapore,3
small,3
smfa,3
sociopolitical,3
soil,3
solar,3
solid,3
source,3
spectroscopy,3
sql,3
stakeholder,3
standards,3
startups,3
statement,3
statics,3
stem,3
stories,3
students,3
submissions,3
substance,3
surgery,3
telecom,3
their,3
things,3
threats,3
toolkit,3
trademark,3
trading,3
traditions,3
transfer,3
transforming,3
transnational,3
trauma,3
trends,3
trial,3
turkey,3
typographic,3
universe,3
urbanism,3
usability,3
utilization,3
validation,3
valuation,3
vibration,3
vietnam,3
visiting,3
wages,3
wars,3
waste,3
wind,3
within,3
working,3
wrangling,3
young,3
17th,2
19th,2
about,2
abrh,2
access,2
acoustics,2
additive,2
advisory,2
africana,2
after,2
agency,2
agents,2
aid,2
alliances,2
amazon,2
analog,2
antennas,2
arbitrage,2
architecting,2
archives,2
argumentation,2
artist,2
asset,2
assistant,2
assistive,2
astronomy,2
astrophysics,2
asylum,2
athletic,2
audiences,2
audit,2
aural,2
australia,2
authentic,2
autism,2
automated,2
aws,2
band,2
bar,2
before,2
beginning,2
belgium,2
biopharmaceutical,2
bioscience,2
bioterrorism,2
body,2
botany,2
boundary,2
bouv,2
box,2
breaking,2
britain,2
british,2
buddhism,2
budgeting,2
built,2
businesses,2
campaign,2
campaigns,2
cancer,2
cannabinoids,2
capture,2
cases,2
ceiling,2
central,2
characterization,2
chatbot,2
christianity,2
clauses,2
colleges,2
combinatorial,2
commercial,2
communicating,2
commutative,2
company,2
compensation,2
compilers,2
composite,2
condensed,2
conflicts,2
constitutions,2
controls,2
conversion,2
conviction,2
convictions,2
cooperative,2
core,2
cornerstone,2
cosmology,2
craft,2
creativity,2
cryptocurrency,2
cultivating,2
czech,2
dance,2
dante,2
dashboards,2
decentralized,2
defenses,2
delinquency,2
demand,2
democratic,2
denmark,2
designed,2
determination,2
deterministic,2
developments,2
diaspora,2
diasporas,2
diasporic,2
dilemmas,2
directing,2
discrimination,2
discussion,2
diseases,2
disruptive,2
distribution,2
divination,2
dominican,2
dpt,2
driving,2
ecnm,2
ecosystem,2
ecosystems,2
editor,2
efforts,2
egypt,2
elasticity,2
elections,2
electric,2
electricity,2
electrochemical,2
electromagnetics,2
element,2
enabled,2
endeavors,2
endocrinology,2
engines,2
enterprises,2
espionage,2
estates,2
exchange,2
executing,2
execution,2
expedition,2
expo,2
facilitation,2
fate,2
feature,2
fellow,2
feminisms,2
fields,2
filmmaking,2
fine,2
finite,2
fitness,2
flows,2
forensics,2
formal,2
foundational,2
framework,2
fraud,2
fundraising,2
futures,2
gbst,2
genders,2
geochemistry,2
geologic,2
geosciences,2
glass,2
goddesses,2
grammar,2
graphs,2
great,2
green,2
gross,2
ground,2
hacking,2
hacktivism,2
hate,2
hazards,2
healing,2
histories,2
hop,2
hydraulic,2
hydraulics,2
hydrologic,2
imagination,2
immunotherapies,2
implementing,2
improvement,2
improvisation,2
india,2
individuals,2
infectious,2
inferno,2
influences,2
informed,2
innovative,2
inside,2
institutional,2
instrumentation,2
instruments,2
insurrection,2
interprofessional,2
intersection,2
inventory,2
investigation,2
investigations,2
investigative,2
iot,2
israeli,2
iterative,2
judicial,2
jurisprudence,2
juvenile,2
kinesiology,2
korea,2
lawscape,2
lawyers,2
level,2
liberties,2
lie,2
lighting,2
literacies,2
london,2
low,2
lssc,2
magnetism,2
maps,2
marketplace,2
matrix,2
matters,2
mechanism,2
mems,2
methodological,2
metrics,2
microbial,2
microelectromechanical,2
microwave,2
migration,2
minimalism,2
money,2
monitoring,2
morocco,2
movements,2
multinational,2
multiscale,2
multivariate,2
museums,2
nano,2
nation,2
national,2
nationalism,2
nations,2
native,2
neglect,2
nepal,2
neuroanatomy,2
neurological,2
neurology,2
neuropsychology,2
newsroom,2
next,2
nineteenth,2
nonlinear,2
north,2
northern,2
novel,2
nuclear,2
obesity,2
oceanography,2
oceans,2
oncology,2
operation,2
operational,2
opinion,2
optical,2
optimal,2
order,2
organized,2
orientation,2
orthopedics,2
over,2
overweight,2
pacific,2
parasitology,2
parity,2
partial,2
participatory,2
partnerships,2
patent,2
persuasive,2
pharmaceuticals,2
philanthropy,2
philosophical,2
phls,2
phonology,2
photojournalism,2
physiological,2
plants,2
play,2
policing,2
polymer,2
populations,2
portfolios,2
portugal,2
possession,2
postsecondary,2
poverty,2
practitioner,2
pre,2
precision,2
prescription,2
producing,2
psychiatry,2
psycholinguistics,2
r,2
racial,2
radiation,2
raising,2
recital,2
refugee,2
regression,2
reliability,2
religious,2
remedies,2
requirements,2
response,2
restoration,2
results,2
revolutionary,2
revolutions,2
rhetorical,2
riemannian,2
risks,2
robot,2
sacrifice,2
saints,2
scalable,2
scale,2
scientists,2
scotland,2
screening,2
selection,2
separations,2
series,2
shakespeare,2
side,2
signals,2
sinners,2
situational,2
skill,2
societal,2
societies,2
soft,2
solutions,2
songwriting,2
sourcing,2
southeast,2
space,2
specification,2
spectrometry,2
spoken,2
statutes,2
steel,2
step,2
story,2
strategizing,2
structured,2
surveillance,2
sweden,2
syntax,2
synthetic,2
teachers,2
temporal,2
theorizing,2
third,2
times,2
today,2
toddlers,2
torts,2
toward,2
toxicology,2
trade,2
tradition,2
traditional,2
traffic,2
traineeship,2
trans,2
transformative,2
transgender,2
translational,2
trials,2
trusts,2
tv,2
university,2
unix,2
urbanization,2
uses,2
vaccine,2
variable,2
variables,2
verifiable,2
verification,2
visuals,2
volatility,2
vulnerabilities,2
wearable,2
welfare,2
what,2
wildlife,2
win,2
wired,2
witches,2
worlds,2
wrongful,2
yoga,2
youthhood,2
zealand,2
zero,2
1990s,1
ability,1
abnormal,1
abolition,1
abrs,1
abru,1
abstract,1
abuses,1
ac,1
accent,1
acclimating,1
accountability,1
accreditation,1
acid,1
actionable,1
activities,1
acumen,1
addressing,1
adjudication,1
adolescents,1
advance,1
advancing,1
adversity,1
advising,1
advisors,1
aerodynamics,1
aeronautical,1
aftermath,1
agent,1
ages,1
agricultural,1
algebras,1
all,1
amsterdam,1
analyses,1
analyst,1
android,1
ankle,1
annual,1
anova,1
anthropological,1
anti,1
antiquity,1
antitrust,1
apocalypticism,1
appe,1
apply,1
applying,1
approvals,1
ar,1
arbitration,1
architectonic,1
architectures,1
archive,1
argument,1
armenia,1
arms,1
arranging,1
article,1
articulation,1
aspirations,1
assassinations,1
assessing,1
assistants,1
association,1
astrophysical,1
athlete,1
athletes,1
athletics,1
atmosphere,1
attainment,1
audience,1
augmentative,1
augmented,1
australian,1
austria,1
autonomy,1
b2b,1
bailouts,1
balkans,1
bankruptcy,1
bayesian,1
beauty,1
became,1
becoming,1
behaviorism,1
belize,1
belonging,1
benin,1
bestseller,1
bhutan,1
bias,1
bigger,1
bioanalytical,1
biochemical,1
bioelectricity,1
bioinorganic,1
bioinstrumentation,1
biologics,1
biologists,1
biomes,1
biometrics,1
biomolecular,1
bioorganic,1
biopharmaceutics,1
biophysical,1
biophysics,1
biopolymeric,1
bioprocess,1
biosecurity,1
biosensor,1
biosystems,1
biotech,1
biotherapeutic,1
birds,1
birth,1
bisexual,1
blind,1
blue,1
blues,1
board,1
boardroom,1
bolivia,1
bonaire,1
boot,1
borders,1
borne,1
bostonography,1
botswana,1
bowl,1
branch,1
branding,1
bridge,1
brief,1
bringing,1
bubbles,1
budget,1
budgetary,1
busts,1
bystander,1
california,1
cambodia,1
cameroon,1
camp,1
campus,1
canadian,1
cannabinoid,1
capability,1
capacity,1
carcerality,1
cardiology,1
cardiovascular,1
categories,1
cells,1
centric,1
cgmp,1
chamber,1
channel,1
channels,1
chaos,1
characteristic,1
childbearing,1
choice,1
choices,1
choir,1
choral,1
chorus,1
christians,1
chronic,1
cinema,1
cinemas,1
circular,1
cissp,1
citizenship,1
civic,1
claims,1
clarity,1
classes,1
classifiers,1
clinician,1
clocks,1
close,1
closet,1
club,1
cmc,1
cmmn,1
coasts,1
codesign,1
cohort,1
collar,1
collecting,1
collection,1
collective,1
colombia,1
colonial,1
colonialism,1
combat,1
combinations,1
combinatorics,1
combo,1
coming,1
command,1
committee,1
common,1
communicators,1
companies,1
comparing,1
competitions,1
complementary,1
complexities,1
composing,1
compositing,1
concentrating,1
concurrent,1
conditions,1
conducting,1
conduction,1
congress,1
connected,1
connecting,1
connection,1
connections,1
consciousness,1
consideration,1
considerations,1
constructed,1
constructing,1
consultancy,1
contested,1
contextual,1
continuity,1
continuum,1
controversies,1
convective,1
conversations,1
convex,1
cooperation,1
corals,1
corruption,1
cosmetic,1
counsel,1
counter,1
counterintelligence,1
country,1
court,1
cradle,1
crafting,1
creatively,1
crimes,1
crimmigration,1
croatia,1
crowdsourcing,1
cryptocurrencies,1
cuba,1
cults,1
culturally,1
currency,1
curves,1
customers,1
customization,1
cutting,1
cybercultures,1
cyberdetection,1
cyberlaw,1
cyberspace,1
cycles,1
dark,1
dc,1
debate,1
debating,1
decade,1
decarbonization,1
deception,1
decisions,1
decoding,1
deductive,1
defined,1
demo,1
demographics,1
deployment,1
desert,1
desktop,1
destruction,1
detailing,1
determinants,1
developed,1
developers,1
devised,1
devotion,1
diagnostics,1
difference,1
differences,1
differentiated,1
digitization,1
digitized,1
dignity,1
dimensional,1
dimensions,1
directions,1
dis,1
disaster,1
disasters,1
disciplines,1
discourse,1
disinformation,1
disparities,1
displaced,1
dispute,1
disrupt,1
dissecting,1
divas,1
divided,1
diving,1
djs,1
document,1
doeer,1
domains,1
dominance,1
donor,1
double,1
downstream,1
dramaturgical,1
drives,1
drop,1
due,1
during,1
dying,1
dysphagia,1
earthquake,1
easy,1
eating,1
economies,1
ectd,1
ecuador,1
edge,1
editorial,1
educators,1
electroanalytical,1
electrocardiography,1
electrochemistry,1
electron,1
elliptic,1
embodied,1
embryology,1
emerson,1
emotion,1
emotions,1
empire,1
empires,1
enablement,1
encodings,1
encryption,1
end,1
endangerment,1
engineered,1
enlightenment,1
enriching,1
enrollment,1
entity,1
entrepreneur,1
entrepreneurially,1
entrepreneurs,1
epidemics,1
episodic,1
equality,1
equipment,1
erosion,1
erp,1
esg,1
esports,1
etiology,1
eurasia,1
evaluate,1
event,1
evil,1
examining,1
executive,1
exhibition,1
exhibits,1
exiles,1
existentialism,1
expanding,1
experiencing,1
experiments,1
exploratory,1
expository,1
expressive,1
extensible,1
external,1
extraction,1
extremity,1
facebook,1
facilitating,1
facilities,1
faculty,1
failures,1
faith,1
far,1
fear,1
festival,1
festivals,1
figure,1
films,1
finances,1
findings,1
fingerspelling,1
finland,1
fire,1
fishes,1
flight,1
fluency,1
focused,1
foot,1
forced,1
forms,1
formulations,1
fourier,1
fpga,1
fractals,1
francophone,1
freight,1
frequency,1
freshwater,1
function,1
funders,1
funding,1
funny,1
fusion,1
gaining,1
gallaudet,1
gas,1
gay,1
generalized,1
genre,1
gentrification,1
geographical,1
geology,1
geoprocessing,1
georgia,1
geotechnical,1
geriatrics,1
gift,1
globalized,1
globally,1
glycobiology,1
glycoprotein,1
governmental,1
governments,1
grade,1
grenada,1
grid,1
grids,1
guatemala,1
gui,1
guitar,1
guns,1
gynecology,1
handling,1
harvesting,1
hazardous,1
heal,1
healthy,1
hematology,1
highway,1
hinduism,1
hispanic,1
hitler,1
hong,1
hot,1
hsty,1
hungary,1
hybrid,1
hydrodynamics,1
hydrogeology,1
hydropower,1
hydrosphere,1
iceland,1
idea,1
illicit,1
illusions,1
imaginary,1
immunity,1
immunization,1
immunogenicity,1
impacts,1
imperialism,1
implants,1
improving,1
improvisational,1
inbound,1
indexing,1
indian,1
indigenous,1
indonesia,1
inductive,1
inelasticity,1
inequities,1
infectives,1
influencers,1
influencing,1
infographics,1
inform,1
initiation,1
initiatives,1
injured,1
injustice,1
inorganic,1
inquiries,1
insights,1
integer,1
integrating,1
integrity,1
integumentary,1
interactivity,1
interagency,1
intercollegiate,1
internationalization,1
interoperability,1
interpretation,1
interviewing,1
inventions,1
invertebrate,1
ion,1
iran,1
irish,1
its,1
ivd,1
jamaica,1
java,1
jd,1
joint,1
jordan,1
journal,1
journalist,1
kazakhstan,1
khoury,1
knee,1
kong,1
kuwait,1
landforms,1
latino,1
launching,1
laws,1
layer,1
league,1
learn,1
learners,1
lebanon,1
led,1
lesbian,1
let,1
leveraging,1
liability,1
liberal,1
liberation,1
licensing,1
lidar,1
ligand,1
linguistic,1
linux,1
listening,1
lists,1
lithuania,1
lives,1
locally,1
long,1
longevity,1
loud,1
lower,1
lumbar,1
lxd,1
lying,1
machines,1
macro,1
made,1
magazine,1
maintenance,1
major,1
make,1
makers,1
mammalian,1
mammals,1
managed,1
manager,1
mark,1
mba,1
meaning,1
measurements,1
mechanisms,1
mechanistic,1
mechanobiology,1
mechatronic,1
mechatronics,1
mediation,1
mediterranean,1
medium,1
meeting,1
megaprojects,1
member,1
memes,1
mentoring,1
merchandising,1
merger,1
metaheuristics,1
metal,1
micro,1
microbes,1
microphone,1
microprocessor,1
microscale,1
microscopy,1
military,1
minds,1
mission,1
mitigation,1
mlops,1
modernism,1
modernity,1
modification,1
modular,1
module,1
molecule,1
monetary,1
moot,1
morphology,1
morse,1
motion,1
movies,1
moving,1
mph,1
multichannel,1
multicultural,1
multidiscipline,1
multiethnic,1
multiferroics,1
multilateral,1
multilevel,1
multilingual,1
multilingualism,1
multimedia,1
multimessenger,1
multiphase,1
multithreaded,1
multivariable,1
muslims,1
nanofabrication,1
nanophotonics,1
nanoscience,1
nanostructured,1
nanotechnology,1
nanotoxicity,1
narratives,1
nato,1
navigating,1
ncaa,1
nearshore,1
negotiating,1
negotiations,1
neoliberalism,1
neonate,1
neonatology,1
net,1
networked,1
nfts,1
ngo,1
noise,1
nominating,1
non,1
nonclinical,1
nondestructive,1
nonequilibrium,1
noninteractive,1
nonproliferation,1
nonverbal,1
norway,1
nosql,1
not,1
notation,1
notational,1
now,1
nucleic,1
nulab,1
numbers,1
nutritional,1
observation,1
obstetrics,1
oceanic,1
oman,1
omics,1
onboarding,1
one,1
opening,1
operationalizing,1
opioid,1
option,1
options,1
orchestra,1
orchestration,1
organism,1
organismal,1
organometallic,1
others,1
our,1
outbound,1
outside,1
oxide,1
package,1
painting,1
panama,1
pandemic,1
pandemics,1
panel,1
paper,1
paradigm,1
parties,1
patents,1
pathways,1
patients,1
patriots,1
patterns,1
pdes,1
penalty,1
penetration,1
peoples,1
pep,1
perioperative,1
persons,1
persuade,1
peru,1
pharmacotherapeutics,1
pharmacotherapy,1
phase,1
phenotyping,1
photo,1
photonic,1
photonics,1
photovoltaic,1
physician,1
piano,1
picture,1
pipeline,1
pirates,1
plans,1
planters,1
planting,1
plasticity,1
plastics,1
player,1
playing,1
playwriting,1
plsc,1
pneumatics,1
pnp,1
podcast,1
point,1
poland,1
policies,1
policymaking,1
pollutants,1
polymeric,1
polynesia,1
positive,1
postconflict,1
postcrisis,1
postproduction,1
pov,1
powertrains,1
practicing,1
preclinical,1
precontact,1
prediction,1
pregnant,1
prehistory,1
prejudice,1
prelaw,1
preparatory,1
preparing,1
prepracticum,1
prescribing,1
prescriptive,1
presence,1
preservation,1
presidential,1
prestressed,1
pretrial,1
preventative,1
prison,1
prisoners,1
privileging,1
procedures,1
producers,1
professionalism,1
profitable,1
programmed,1
prokaryotic,1
promotional,1
promotions,1
prompt,1
pronunciation,1
propaganda,1
propulsion,1
prosthetic,1
proteins,1
proteomics,1
protocols,1
pseudoscience,1
psychoacoustics,1
psychobiological,1
psychometric,1
psychophysiology,1
psychosocial,1
psychotherapies,1
psychotherapy,1
publication,1
publishable,1
pulmonary,1
punishment,1
punk,1
purpose,1
quantifying,1
query,1
racism,1
radar,1
radical,1
random,1
rapid,1
reaching,1
readiness,1
realism,1
reasonably,1
receptor,1
recommender,1
record,1
recovery,1
redesigning,1
refugees,1
regeneration,1
regulating,1
rehearsal,1
reimbursement,1
reinsurance,1
relationship,1
relativity,1
relaxation,1
reliable,1
relief,1
reparation,1
representational,1
reproduction,1
repurposing,1
resolution,1
respiratory,1
responsive,1
retail,1
retailing,1
retirement,1
retrieving,1
retrofitting,1
reuse,1
rf,1
rigging,1
right,1
rings,1
rituals,1
rna,1
roadway,1
robo,1
robust,1
romania,1
roots,1
rotations,1
royalties,1
russia,1
rwanda,1
sacred,1
sacroiliac,1
saharan,1
sampling,1
sas,1
satellite,1
say,1
scala,1
scandal,1
scenario,1
scenic,1
schedule,1
scholarship,1
scly,1
score,1
scripted,1
scuba,1
search,1
seas,1
second,1
secondary,1
sectors,1
sects,1
sediment,1
seismic,1
semantics,1
semiconductor,1
senegal,1
sensor,1
sensors,1
sentencing,1
sequencing,1
sequential,1
sequestration,1
serbia,1
several,1
shareholders,1
sharing,1
sheltered,1
showcasing,1
sign,1
silence,1
singing,1
sites,1
slp,1
smartphones,1
sociolinguistics,1
sociotechnical,1
songs,1
songwriter,1
songwriters,1
sounding,1
southwest,1
soviet,1
sparsity,1
spectacle,1
spectrum,1
spies,1
spine,1
spirituality,1
sponsorships,1
spot,1
spotlight,1
spreading,1
standardization,1
startup,1
statements,1
steps,1
sterile,1
still,1
storing,1
strategically,1
stratification,1
streams,1
street,1
strengthening,1
stress,1
stuarts,1
stuttering,1
style,1
sub,1
succeeding,1
successful,1
supervised,1
supervising,1
supervisor,1
supplement,1
supplier,1
supreme,1
surface,1
survival,1
sustaining,1
swahili,1
switzerland,1
symbolic,1
symmetry,1
symphony,1
synthesize,1
syria,1
tactical,1
tactics,1
taiwan,1
talk,1
tanzania,1
target,1
taxes,1
technician,1
technological,1
technopolitics,1
telecommunications,1
telling,1
terahertz,1
terminology,1
thailand,1
theatrical,1
then,1
therapists,1
thin,1
thoreau,1
three,1
ticket,1
tissue,1
title,1
tobago,1
toddler,1
tolerance,1
toolbox,1
topic,1
topical,1
tourism,1
traces,1
tracking,1
trafficking,1
transactional,1
transcriptomics,1
transformations,1
transients,1
transition,1
translating,1
translation,1
transplantation,1
travel,1
trend,1
trinidad,1
tropical,1
troubled,1
true,1
trust,1
truth,1
tudors,1
tunisia,1
turbine,1
turnaround,1
turnarounds,1
twentieth,1
twenty,1
twitter,1
two,1
type,1
uganda,1
unbalanced,1
under,1
underlying,1
underwriting,1
unified,1
unit,1
universities,1
unsupervised,1
unwired,1
usable,1
usage,1
uzbekistan,1
vaccines,1
variations,1
vector,1
vehicle,1
venue,1
verbal,1
vertebrate,1
vicious,1
victimization,1
victimology,1
viewpoints,1
virtually,1
virtuous,1
visibility,1
visualizing,1
vitality,1
vlsi,1
vocational,1
voting,1
voyage,1
vr,1
wales,1
warehouse,1
warfighting,1
washington,1
watershed,1
weather,1
websites,1
wetlands,1
whistleblower,1
white,1
wilderness,1
word,1
works,1
years,1
zambia,1
zoology,1
